exposure,spec,n,beta,se,ci_lo,ci_hi,p,r2,weighted
ucmr5_all_li_detfrac,1 unadjusted,2475,1.171554182922338,0.23248354119199124,0.7158948151877009,1.627213550656975,4.6723892776138137e-07,0.008823909991973689,False
ucmr5_all_li_detfrac,2 + precipitation,2474,2.9544160873676333,0.24914831654897468,2.466094360122858,3.4427378146124084,1.9544750739338748e-32,0.08726241643751109,False
ucmr5_all_li_detfrac,3 + inactivity,2474,0.8142795288025031,0.17720092633513107,0.466972095158511,1.1615869624464952,4.32266156417896e-06,0.562269196180151,False
ucmr5_all_li_detfrac,4 + SES,2474,0.8254444349427992,0.18337513905968383,0.4660357667257948,1.1848531031598035,6.750804538907839e-06,0.5824663990445698,False
ucmr5_all_li_detfrac,5 + state fixed eff,2474,0.37648665241017537,0.1653678516952417,0.05237161888674069,0.70060168593361,0.022806436020402686,0.7650185879655633,False
ucmr5_all_li_detfrac,1 unadjusted,2475,1.5512051524972696,0.9810758071621815,-0.37166809564416914,3.4740784006387084,0.11384907116016331,0.0076040156570473805,True
ucmr5_all_li_detfrac,2 + precipitation,2474,4.205151781735884,1.0012748542733194,2.242689128734587,6.167614434737181,2.6715362223785215e-05,0.08220946202590051,True
ucmr5_all_li_detfrac,3 + inactivity,2474,3.0051627652788895,0.8821168641378279,1.2762454814133348,4.734080049144444,0.0006573827201853004,0.4056023493123614,True
ucmr5_all_li_detfrac,4 + SES,2474,2.4214896945358952,0.7301384879271358,0.990444554472176,3.8525348345996147,0.0009115911094825234,0.5809683198985118,True
ucmr5_all_li_detfrac,5 + state fixed eff,2474,0.35801079258283774,0.6667630295206594,-0.9488207315004715,1.664842316666147,0.591310042425526,0.7579636923445139,True
log10_ucmr5_med,1 unadjusted,2475,1.1853106288574395,0.22566108147092542,0.7430230364620668,1.6275982212528124,1.4995532705981674e-07,0.008343779526873596,False
log10_ucmr5_med,2 + precipitation,2474,3.174564509927097,0.25576290700118454,2.673278423623508,3.675850596230686,2.2457459025584414e-35,0.08912360996619739,False
log10_ucmr5_med,3 + inactivity,2474,0.9218696814446616,0.18595656398054594,0.5574015133539734,1.28633784953535,7.142577230869236e-07,0.562773277962342,False
log10_ucmr5_med,4 + SES,2474,0.9163392695024467,0.18819668075075136,0.5474805532209917,1.2851979857839018,1.121353677278988e-06,0.5828608670098914,False
log10_ucmr5_med,5 + state fixed eff,2474,0.28101974441738903,0.16304981282298633,-0.03855201640166128,0.6005915052364393,0.0847943864153303,0.7648040628618746,False
log10_ucmr5_med,1 unadjusted,2475,1.956605066515427,1.3108586077408986,-0.6126305934810521,4.525840726511906,0.1355384250461127,0.011634514752035141,True
log10_ucmr5_med,2 + precipitation,2474,4.200833714819918,1.2317453680253139,1.7866571553662687,6.615010274273567,0.0006485042163274197,0.0834966220320188,True
log10_ucmr5_med,3 + inactivity,2474,3.1328728093485156,1.1378931391395244,0.9026432383798233,5.363102380317208,0.005901180397336934,0.40829011520881986,True
log10_ucmr5_med,4 + SES,2474,2.128117044040667,0.8872959885153214,0.3890488629237716,3.867185225157563,0.016465537160284392,0.5780686534784383,True
log10_ucmr5_med,5 + state fixed eff,2474,0.20847802772306026,0.6887929986433622,-1.141531442421276,1.5584874978673964,0.7621401997952837,0.7578647719611188,True
log10_ucmr5_gm,1 unadjusted,2475,0.6414392729659958,0.11555848043100364,0.414948813213052,0.8679297327189396,2.84403843738383e-08,0.011212406894765437,False
log10_ucmr5_gm,2 + precipitation,2474,1.5697404415526501,0.12656121314531793,1.3216850219481298,1.8177958611571705,2.516771146717188e-35,0.09518462970824482,False
log10_ucmr5_gm,3 + inactivity,2474,0.40707483352477747,0.08848367424209545,0.2336500187904959,0.580499648259059,4.21347912739707e-06,0.5623679866840372,False
log10_ucmr5_gm,4 + SES,2474,0.4061906528150934,0.08867052381508131,0.2323996196472329,0.579981685982954,4.6298293396459235e-06,0.5824902933378889,False
log10_ucmr5_gm,5 + state fixed eff,2474,0.23235773370840154,0.08445184579352559,0.06683515752516092,0.39788030989164214,0.0059347731179542505,0.7652760061352375,False
log10_ucmr5_gm,1 unadjusted,2475,0.45728105393783536,0.41688080993396426,-0.35979031937862216,1.2743524272542928,0.27268039634652463,0.004808930321686611,True
log10_ucmr5_gm,2 + precipitation,2474,1.6300407274050088,0.38535445434056337,0.8747598756154199,2.385321579194598,2.337145357421113e-05,0.08255412670606155,True
log10_ucmr5_gm,3 + inactivity,2474,1.092856243935315,0.3032531547276233,0.49849098247102097,1.6872215053996094,0.0003136281588093413,0.40308318787569375,True
log10_ucmr5_gm,4 + SES,2474,0.8492882777160891,0.2578822386098584,0.343848377788202,1.3547281776439761,0.000990123393188286,0.5784684106059792,True
log10_ucmr5_gm,5 + state fixed eff,2474,0.015892490250985564,0.299697476240757,-0.5715037694384466,0.6032887499404178,0.9577092461111977,0.7578076083220422,True
ucmr5_gw_li_detfrac,1 unadjusted,1938,1.281361873636092,0.2509110219779506,0.789585307235171,1.7731384400370134,3.2759483935592776e-07,0.01198494747375134,False
ucmr5_gw_li_detfrac,2 + precipitation,1938,2.419421515626811,0.25631886402565546,1.9170457735783069,2.9217972576753146,3.759651976843795e-21,0.08185689050124079,False
ucmr5_gw_li_detfrac,3 + inactivity,1938,0.4994367414887956,0.18079375982780102,0.14508748359672113,0.8537859993808701,0.005736641286341776,0.5660455086233598,False
ucmr5_gw_li_detfrac,4 + SES,1938,0.5912864104474551,0.18625084684466608,0.22624145854182404,0.9563313623530862,0.00150003011160871,0.5925015053548952,False
ucmr5_gw_li_detfrac,5 + state fixed eff,1938,0.37303223426609766,0.17150898393683428,0.03688080272484384,0.7091836658073515,0.029630031532161386,0.7776236294112406,False
ucmr5_gw_li_detfrac,1 unadjusted,1938,2.122625405297062,0.8698265724483054,0.4177966505024633,3.8274541600916603,0.014675647576972694,0.021519936435700604,True
ucmr5_gw_li_detfrac,2 + precipitation,1938,3.133634815902706,0.9525960776488495,1.2665808118968405,5.0006888199085715,0.0010033934563708654,0.08580725442147974,True
ucmr5_gw_li_detfrac,3 + inactivity,1938,2.5034484463453928,0.932418351297273,0.6759420592785217,4.330954833412264,0.007255187896833062,0.44850682835963396,True
ucmr5_gw_li_detfrac,4 + SES,1938,2.426654975832516,0.7423452199298092,0.9716850806746247,3.8816248709904078,0.0010796507097208267,0.6210959612668452,True
ucmr5_gw_li_detfrac,5 + state fixed eff,1938,0.5459841881861613,0.734576736932479,-0.8937597600824514,1.985728136454774,0.45732207314405515,0.7687049189801274,True
log10_wqp,1 unadjusted,2194,-0.14650797072847757,0.1318061130290597,-0.40484320520765016,0.11182726375069499,0.2663353171563603,0.000564032767611744,False
log10_wqp,2 + precipitation,2193,0.5660154894022941,0.15106455012065453,0.26993441182506533,0.8620965669795229,0.00017907249321454758,0.062018506433693776,False
log10_wqp,3 + inactivity,2193,0.31222279204391,0.10054529626945334,0.11515763254087202,0.509287951546948,0.001900894237963987,0.5684524079222943,False
log10_wqp,4 + SES,2192,0.29618833208533457,0.09960345396619469,0.10096914957579978,0.49140751459486937,0.0029425626003081384,0.5871042993743621,False
log10_wqp,5 + state fixed eff,2192,0.07068685648712175,0.0781602716482902,-0.08250446096539413,0.22387817393963763,0.36579210832944986,0.7698600409846464,False
log10_wqp,1 unadjusted,2194,0.2713050135810832,0.36159468781583576,-0.4374075515389592,0.9800175787011256,0.45307317784605194,0.001117876331957257,True
log10_wqp,2 + precipitation,2193,1.1667046760874469,0.43008313883891947,0.323757213605225,2.0096521385696686,0.006672899939428125,0.06507419887335053,True
log10_wqp,3 + inactivity,2193,0.8784357324028047,0.4098196857324315,0.07520390821171552,1.6816675565938939,0.03207546938379231,0.39484722218686896,True
log10_wqp,4 + SES,2192,0.6745860995623236,0.3083412389474764,0.07024837627681091,1.2789238228478363,0.028684850548850633,0.5844094490586523,True
log10_wqp,5 + state fixed eff,2192,0.3227863724886125,0.2184062108473128,-0.10528193477198183,0.7508546797492068,0.13942984770224195,0.7574015310919632,True
log10_usgs_all,1 unadjusted,430,0.8772716615862057,0.3421618759726039,0.20664670779724126,1.54789661537517,0.010350089612403189,0.012991292687544953,False
log10_usgs_all,2 + precipitation,429,2.8183406274341167,0.4548544264547591,1.9268423333741662,3.7098389214940672,5.786553317737959e-10,0.09446077001101583,False
log10_usgs_all,3 + inactivity,429,0.9588945897726319,0.3236265918632427,0.3245981252812329,1.5931910542640308,0.0030469021794541033,0.571821128626829,False
log10_usgs_all,4 + SES,429,1.0588275361353978,0.3187331359155569,0.4341220690613963,1.6835330032093994,0.0008937865483231697,0.5984974397016863,False
log10_usgs_all,5 + state fixed eff,429,0.18291320526983257,0.2821840060735823,-0.37015728364762057,0.7359836941872857,0.5168520897217057,0.8037963215674541,False
log10_usgs_all,1 unadjusted,430,0.015077550716190692,0.7241577437864456,-1.4042455462310268,1.4344006476634081,0.9833885974421287,3.3182320754443495e-06,True
log10_usgs_all,2 + precipitation,429,2.820404918370464,1.1338461288032573,0.5981073419059166,5.042702494835011,0.012865636036480228,0.13864354368555087,True
log10_usgs_all,3 + inactivity,429,2.3871752438962317,1.0813257270940988,0.2678157632352107,4.506534724557253,0.02726955162609643,0.32592119509881323,True
log10_usgs_all,4 + SES,429,1.2102955740405807,1.0685557021268848,-0.8840351176030237,3.304626265684185,0.2573628517035683,0.5043219871756848,True
log10_usgs_all,5 + state fixed eff,429,-0.1664675028607234,1.214955473160597,-2.5477364730753136,2.214801467353867,0.8910186922664198,0.7262025624596502,True
log10_usgs_drink,1 unadjusted,349,1.0766280885892439,0.3667093299464639,0.3578910090993591,1.7953651680791287,0.0033256348857585508,0.02069103641878567,False
log10_usgs_drink,2 + precipitation,348,2.527779959124345,0.5166196013097536,1.5152241468497862,3.5403357713989037,9.934925457304874e-07,0.06403671413775569,False
log10_usgs_drink,3 + inactivity,348,0.5391035665926143,0.36830050985907453,-0.18275216821891094,1.2609593014041396,0.1432595260843466,0.5737735155083495,False
log10_usgs_drink,4 + SES,348,0.6186087604592008,0.3510556433646415,-0.0694476571050342,1.3066651780234357,0.07804585382552053,0.6011215645669897,False
log10_usgs_drink,5 + state fixed eff,348,0.08112680506617398,0.34091410359932617,-0.5870525598102622,0.7493061699426101,0.8119055549286861,0.8100962446139464,False
log10_usgs_drink,1 unadjusted,349,0.43659254400360026,0.918146964434099,-1.3629424388020117,2.236127526809212,0.634420029554416,0.0033734649734589173,True
log10_usgs_drink,2 + precipitation,348,2.210290938308588,0.9958093093572569,0.25854055649865937,4.162041320118516,0.02644643749661857,0.08212816283868962,True
log10_usgs_drink,3 + inactivity,348,1.291585025390377,0.6951469269100965,-0.07087791531710952,2.6540479660978633,0.06316859855084825,0.49939494982288224,True
log10_usgs_drink,4 + SES,348,1.10538503893537,0.7669809415309222,-0.39786998329385836,2.6086400611645986,0.14952373056126542,0.55896019176194,True
log10_usgs_drink,5 + state fixed eff,348,0.4499075539130395,0.8981130629867365,-1.3103617035859172,2.210176811411996,0.616408024519441,0.7997767567856506,True
