column,label,unit,source,transform,adjustment,note
fips,County FIPS,identifier,Geographic key,None,Not applicable,
stateabbr,State abbreviation (source),code,CDC PLACES,None,Not applicable,
countyname,County / planning region,name,CDC PLACES,None,Not applicable,
totalpopulation,County population,people,CDC PLACES,None,Not applicable,
obesity_crudeprev,Adult obesity (crude),% of adults,CDC PLACES,None,Crude prevalence,
obesity_adjprev,Adult obesity,% of adults,CDC PLACES,None,Age-adjusted,
lpa_crudeprev,Physical inactivity,% of adults,CDC PLACES,None,Crude prevalence,
diabetes_crudeprev,Adult diabetes,% of adults,CDC PLACES,None,Crude prevalence,
precip_in,Mean annual precipitation,inches / year,NOAA nClimDiv,None,Not applicable,
income,Median household income,USD,County Health Rankings,None,Not applicable,
some_college,Adults with some college,fraction 0–1,County Health Rankings,None,Not applicable,
pct_rural,Rural population share,fraction 0–1,County Health Rankings,None,Not applicable,
ucmr5_all_li_med,UCMR5 · tap water median,µg/L,EPA UCMR5,None,Not applicable,"Nondetects are substituted at 4.5 µg/L, creating many tied county medians. County median lithium. UCMR5 substitutes 4.5 µg/L for nondetects; USGS retains the release's 0.9 µg/L code; WQP summarizes site medians with half-limit substitution. Connecticut values are allocated or averaged by area overlap; allocated counts can be fractional."
ucmr5_all_li_detfrac,UCMR5 · tap water detection fraction,fraction 0–1,EPA UCMR5,None,Not applicable,"Share of samples detected at the 9 µg/L reporting limit. Zero means no detections, not zero lithium.  Connecticut values are allocated or averaged by area overlap; allocated counts can be fractional."
ucmr5_all_n,UCMR5 finished water · sample / well count,count,EPA UCMR5,None,Not applicable,Connecticut values are allocated or averaged by area overlap; allocated counts can be fractional.
ucmr5_all_npws,UCMR5 finished water · water system count,count,EPA UCMR5,None,Not applicable,Connecticut values are allocated or averaged by area overlap; allocated counts can be fractional.
ucmr5_all_detfrac_1c,"UCMR5 finished water · detection fraction, single-county systems",fraction 0–1,EPA UCMR5,None,Not applicable,Connecticut values are allocated or averaged by area overlap; allocated counts can be fractional.
ucmr5_all_li_gm,UCMR5 · modeled geometric mean,µg/L,EPA UCMR5,None,Not applicable,Censored-lognormal estimate. Among all-nondetect counties it depends on sample count; this is not a calibrated measurement below the reporting limit. Censored-lognormal model estimate; all-nondetect estimates depend on sample count. Connecticut values are allocated or averaged by area overlap; allocated counts can be fractional.
ucmr5_all_has_detect,UCMR5 finished water · any-detection indicator,indicator; fractional after CT crosswalk,EPA UCMR5,None,Not applicable,Connecticut's legacy-county indicator was area-averaged; use detection fraction > 0 when determining whether any detections are represented. Connecticut values are allocated or averaged by area overlap; allocated counts can be fractional.
ucmr5_gw_li_med,UCMR5 groundwater-fed finished water · median lithium,µg/L,EPA UCMR5,None,Not applicable,County median lithium. UCMR5 substitutes 4.5 µg/L for nondetects; USGS retains the release's 0.9 µg/L code; WQP summarizes site medians with half-limit substitution. Connecticut values are allocated or averaged by area overlap; allocated counts can be fractional.
ucmr5_gw_li_detfrac,UCMR5 · groundwater-fed detection fraction,fraction 0–1,EPA UCMR5,None,Not applicable,Finished water from systems classified as groundwater or groundwater under the influence of surface water; reporting limit 9 µg/L.  Connecticut values are allocated or averaged by area overlap; allocated counts can be fractional.
ucmr5_gw_n,UCMR5 groundwater-fed finished water · sample / well count,count,EPA UCMR5,None,Not applicable,Connecticut values are allocated or averaged by area overlap; allocated counts can be fractional.
ucmr5_gw_npws,UCMR5 groundwater-fed finished water · water system count,count,EPA UCMR5,None,Not applicable,Connecticut values are allocated or averaged by area overlap; allocated counts can be fractional.
ucmr5_gw_detfrac_1c,"UCMR5 groundwater-fed finished water · detection fraction, single-county systems",fraction 0–1,EPA UCMR5,None,Not applicable,Connecticut values are allocated or averaged by area overlap; allocated counts can be fractional.
ucmr5_gw_li_gm,UCMR5 groundwater-fed finished water · modeled geometric mean lithium,µg/L,EPA UCMR5,None,Not applicable,Censored-lognormal model estimate; all-nondetect estimates depend on sample count. Connecticut values are allocated or averaged by area overlap; allocated counts can be fractional.
ucmr5_gw_has_detect,UCMR5 groundwater-fed finished water · any-detection indicator,indicator; fractional after CT crosswalk,EPA UCMR5,None,Not applicable,Connecticut's legacy-county indicator was area-averaged; use detection fraction > 0 when determining whether any detections are represented. Connecticut values are allocated or averaged by area overlap; allocated counts can be fractional.
usgs_all_li_med,USGS · all-well median,µg/L,USGS Lindsey,None,Not applicable,Only geocodable wells are represented. Release-coded nondetects are 0.9 µg/L. County median lithium. UCMR5 substitutes 4.5 µg/L for nondetects; USGS retains the release's 0.9 µg/L code; WQP summarizes site medians with half-limit substitution. Connecticut values are allocated or averaged by area overlap; allocated counts can be fractional.
usgs_all_n,USGS all wells · sample / well count,count,USGS Lindsey,None,Not applicable,Connecticut values are allocated or averaged by area overlap; allocated counts can be fractional.
usgs_all_ndfrac,USGS all wells · nondetect fraction,fraction 0–1,USGS Lindsey,None,Not applicable,Connecticut values are allocated or averaged by area overlap; allocated counts can be fractional.
usgs_aridity,USGS aridity index,source index,USGS Lindsey,None,Not applicable,Connecticut values are allocated or averaged by area overlap; allocated counts can be fractional.
usgs_soil_li,USGS soil lithium covariate,source units; consult release metadata,USGS Lindsey,None,Not applicable,Connecticut values are allocated or averaged by area overlap; allocated counts can be fractional.
usgs_drink_li_med,USGS · domestic-supply median,µg/L,USGS Lindsey,None,Not applicable,The available drinking-water stratum contains domestic-supply wells only; public-supply wells could not be geocoded. County median lithium. UCMR5 substitutes 4.5 µg/L for nondetects; USGS retains the release's 0.9 µg/L code; WQP summarizes site medians with half-limit substitution. Connecticut values are allocated or averaged by area overlap; allocated counts can be fractional.
usgs_drink_n,USGS domestic supply · sample / well count,count,USGS Lindsey,None,Not applicable,Connecticut values are allocated or averaged by area overlap; allocated counts can be fractional.
usgs_drink_ndfrac,USGS domestic supply · nondetect fraction,fraction 0–1,USGS Lindsey,None,Not applicable,Connecticut values are allocated or averaged by area overlap; allocated counts can be fractional.
usgs_domestic_li_med,USGS domestic supply (duplicate stratum) · median lithium,µg/L,USGS Lindsey,None,Not applicable,County median lithium. UCMR5 substitutes 4.5 µg/L for nondetects; USGS retains the release's 0.9 µg/L code; WQP summarizes site medians with half-limit substitution. Connecticut values are allocated or averaged by area overlap; allocated counts can be fractional.
usgs_domestic_n,USGS domestic supply (duplicate stratum) · sample / well count,count,USGS Lindsey,None,Not applicable,Connecticut values are allocated or averaged by area overlap; allocated counts can be fractional.
usgs_domestic_ndfrac,USGS domestic supply (duplicate stratum) · nondetect fraction,fraction 0–1,USGS Lindsey,None,Not applicable,Connecticut values are allocated or averaged by area overlap; allocated counts can be fractional.
wqp_li_med,WQP · groundwater median,µg/L,Water Quality Portal,None,Not applicable,Median of well-level medians. Nondetects use half their reported limit; limits vary. Untreated groundwater is an exposure proxy. County median lithium. UCMR5 substitutes 4.5 µg/L for nondetects; USGS retains the release's 0.9 µg/L code; WQP summarizes site medians with half-limit substitution. Connecticut values are allocated or averaged by area overlap; allocated counts can be fractional.
wqp_detfrac,WQP groundwater · mean site detection fraction,fraction 0–1,Water Quality Portal,None,Not applicable,Mean of site-level detection fractions; reporting limits differ across WQP samples. Connecticut values are allocated or averaged by area overlap; allocated counts can be fractional.
wqp_nsites,WQP groundwater · monitoring site count,count,Water Quality Portal,None,Not applicable,Connecticut values are allocated or averaged by area overlap; allocated counts can be fractional.
log10_ucmr5_gm,UCMR5 · modeled geometric mean (log10),log10 of source value,EPA UCMR5,Base-10 logarithm,Not applicable,"Censored-lognormal estimate. Among all-nondetect counties it depends on sample count; this is not a calibrated measurement below the reporting limit. Concentrations are floored at 0.01 µg/L; precipitation, income, population and sample count are floored at 1 before logging."
log10_ucmr5_med,UCMR5 · tap water median (log10),log10 of source value,EPA UCMR5,Base-10 logarithm,Not applicable,"Nondetects are substituted at 4.5 µg/L, creating many tied county medians. Concentrations are floored at 0.01 µg/L; precipitation, income, population and sample count are floored at 1 before logging."
log10_ucmr5_gw_gm,log10 ucmr5 gw gm,log10 of source value,EPA UCMR5,Base-10 logarithm,Not applicable,"Concentrations are floored at 0.01 µg/L; precipitation, income, population and sample count are floored at 1 before logging."
log10_usgs_all,USGS · all-well median (log10),log10 of source value,USGS Lindsey,Base-10 logarithm,Not applicable,"Only geocodable wells are represented. Release-coded nondetects are 0.9 µg/L. Concentrations are floored at 0.01 µg/L; precipitation, income, population and sample count are floored at 1 before logging."
log10_usgs_drink,USGS · domestic-supply median (log10),log10 of source value,USGS Lindsey,Base-10 logarithm,Not applicable,"The available drinking-water stratum contains domestic-supply wells only; public-supply wells could not be geocoded. Concentrations are floored at 0.01 µg/L; precipitation, income, population and sample count are floored at 1 before logging."
log10_wqp,WQP · groundwater median (log10),log10 of source value,Water Quality Portal,Base-10 logarithm,Not applicable,"Median of well-level medians. Nondetects use half their reported limit; limits vary. Untreated groundwater is an exposure proxy. Concentrations are floored at 0.01 µg/L; precipitation, income, population and sample count are floored at 1 before logging."
log10_precip,Mean annual precipitation (log10),log10 of source value,NOAA nClimDiv,Base-10 logarithm,Not applicable,"Concentrations are floored at 0.01 µg/L; precipitation, income, population and sample count are floored at 1 before logging."
log10_pop,County population (log10),log10 of source value,CDC PLACES,Base-10 logarithm,Not applicable,"Concentrations are floored at 0.01 µg/L; precipitation, income, population and sample count are floored at 1 before logging."
log10_income,Median household income (log10),log10 of source value,County Health Rankings,Base-10 logarithm,Not applicable,"Concentrations are floored at 0.01 µg/L; precipitation, income, population and sample count are floored at 1 before logging."
log10_ucmr5_n,UCMR5 sample count (log10),log10 of source value,EPA UCMR5,Base-10 logarithm,Not applicable,"Concentrations are floored at 0.01 µg/L; precipitation, income, population and sample count are floored at 1 before logging."
state,State abbreviation,code,CDC PLACES,None,Not applicable,
